id;dni;nombre;apellidos;telefono;mail;pais;provincia;codigo_postal;calle;numero_pedidos;tipo_contrato;comision;activo;contrasena
1;overriding Account bandwidth;Artesanal;overriding;Pequeño;Account Hungria Director;integrated objetos Fantástico;Palladium bleeding-edge;Madrid Bangladesh Borders;cutting-edge Aragón blockchains;43382;recontextualize;55594;true;XSS
2;Navarra;Descentralizado cutting-edge array;Metal;Programa;Pre-emptivo;Moda;synergistic compelling enhance;Raton;Directo;52147;Camiseta optical;8429;true;Gerente deposit Región
3;Ensalada customized software;Metical;deliver Barbados El;Avon;Agente Algodón dynamic;end-to-end;desafío;Compatible Sol;Práctico quantify;58600;payment;37252;true;Técnico Jefe uniforme
4;primary Monitorizado;capa platforms;transmitting payment acceso;Diseñador;funcionalidad;RAM;extensible;Producto multitarea synthesize;Morado Marketing;24134;Loan Violeta;35641;false;payment Bebes
5;withdrawal Seychelles Optimizado;Acero;Torrente Queso;a;multimedia Castilla-La;deliver;Ejecutivo Pescado Navarra;copying recíproca;Guapo Gris;59790;reboot Account función;27494;false;Hogar
6;Barrio holistic;Metal collaborative Cambridgeshire;monitorizada;Koruna;Pública Oro;parsing Artesanal;EXE software Rojo;quantifying methodologies;Azul SMTP solutions;13613;Brasil Genérico;97946;false;Ergonómico e-business
7;IB;Personal;Madera Swedish Card;1080p local deploy;harness;nivel invoice;SSL Amarillo;Adelante Plástico iterate;Nacional up;56929;homogénea Sopa;85351;false;Guapo
8;Loan;bandwidth;Escalinata;parsing Gerente;payment;Interno parsing;SDD;Martinica;complejidad Investment;99824;JSON Moda;15671;true;killer world-class canal
9;Fantástico invoice;mano;uniforme e-tailers Berkshire;brand intermedia hack;communities;Castilla-La holística Inversor;leading-edge CSS Caserio;transform Dobra gestión;payment;68825;redundant haptic Leone;7241;true;Credit incremental online
10;Pollo;metódica;Salud;Práctico monitor Sorprendente;ADP;Respuesta de Mercado;solid Savings;Subida;Buckinghamshire;88156;Account copy;92331;true;e-markets
