id;nombre_social;cif;telefono;mail;pais;provincia;sucursal;codigo_postal;calle;categoria;fecha_creacion
1;EXE index clicks-and-mortar;Monte parse;circuit override;Pelota world-class;Hormigon Métricas back-end;bifurcada payment Borders;SSL multi-byte Sabroso;auxiliary Ronda Valenciana;circuit Coordinador Ethiopian;producto Avon Verde;2022-01-31
2;back-end innovative Granito;Bebes Metal Dinar;monitor real-time;EXE plug-and-play;Card;deposit;Galicia evolve terciaria;portal Colonia Implementado;Edificio;Algodón Armenia;2022-01-31
3;Gerente;index Guinea-Bisau;Avon;digital;Avon Guantes;TCP Martinica;panel Uruguay;Inverso SSL synergistic;Senior cutting-edge Negro;Práctico;2022-01-31
4;JBOD withdrawal;Madrid;hacking Marca Cambridgeshire;Cambridgeshire Canadian Canarias;Librería withdrawal Descentralizado;synthesize Albania Argentina;Electrónica Sopa Arroyo;explícita haptic;invoice navigating;Expandido alarm;2022-02-01
5;SAS analizada;capacitor;Especialista leverage Cine;División Paradigma Estratega;Argelia Vía AGP;Intercambiable Cantabria;invoice;International lateral;Castilla-La;Serbia Loan Música;2022-02-01
6;Market Borders SMS;Coche Amarillo Berkshire;Puente;payment navigate compress;proporciona Directo dedicada;Granito e-tailers;Increible Avon;Arquitecto Principado;withdrawal Borders end-to-end;Comunidad País;2022-02-01
7;Kina;Regional;Poblado;Acero withdrawal Queso;Violeta Andorra Buckinghamshire;Plaza Humano Metal;back-end synergistic Berkshire;PCI Bacon Card;abierta analizada;connect Configurable bandwidth;2022-02-01
8;Torrente;SSL;Plástico Investment Interno;HDD;invoice;protocolo Partida;Negro Patatas harness;TCP Deportes;protocolo payment;Senior e-tailers cross-platform;2022-01-31
9;intangible;payment XML;Jardines;Programable Refinado synthesize;EXE didactica Rústico;Pizza Account indexing;a Madera Bicicleta;Money;Account;protocol Identidad Salchichas;2022-02-01
10;Bacon;de wireless Hecho;Moldavia hibrida Camino;AI;Salud Usabilidad;maximize Programa Integrado;objetos;programming HTTP;Azul Ladrillo;Papelería Colombian Acero;2022-01-31
